& Coffee (The One and Impiana Jaya).png => &Coffee(TheOneandImpianaJaya).png
105 Coffee House.jpg => 105CoffeeHouse.jpg
18Grams.jpg => 18Grams.jpg
Abu Coffee.jpg => AbuCoffee.jpg
Aezu Coffee.png => AezuCoffee.png
Aurora Cafe Tea Room.jpg => AuroraCafeTeaRoom.jpg
Bake and Brew.png => BakeandBrew.png
Bake Street Cafe.jpg => BakeStreetCafe.jpg
Balkony.jpg => Balkony.jpg
Batches Coffee.jpg => BatchesCoffee.jpg
Bejaur BN.jpg => BejaurBN.jpg
Bread Parlour.jpg => BreadParlour.jpg
Cafe by Oui.jpg => CafebyOui.jpg
Cafe Hopping.jpg => CafeHopping.jpg
Cawan Cafe.jpg => CawanCafe.jpg
Ceramint.jpg => Ceramint.jpg
Cloud 8.jpg => Cloud8.jpg
Coffee by 7T1.jpg => Coffeeby7T1.jpg
Coffee by Greazy.jpg => CoffeebyGreazy.jpg
Coffee Culture Co.jpg => CoffeeCultureCo.jpg
Coffee Field Cafe & Resto.jpg => CoffeeFieldCafe&Resto.jpg
Coffee Industry.jpg => CoffeeIndustry.jpg
Coffee Up.jpg => CoffeeUp.jpg
Cuffee.png => Cuffee.png
Dahaga Bn.jpg => DahagaBn.jpg
De Coffee.jpg => DeCoffee.jpg
De7b Coffee.jpg => De7bCoffee.jpg
Dil_s Cafe.jpg => Dil_sCafe.jpg
Eatsy Brunch.jpg => EatsyBrunch.jpg
Equilibrium.png => Equilibrium.png
Erti Kafe.png => ErtiKafe.png
Fiorise.jpg => Fiorise.jpg
Florist Hill.png => FloristHill.png
Frizzle Friday.png => FrizzleFriday.png
Fujiwara Cafe.png => FujiwaraCafe.png
Glashaus Coffee.jpg => GlashausCoffee.jpg
Hust Brew.jpg => HustBrew.jpg
HWC Coffee.jpg => HWCCoffee.jpg
I Luv Cafe Bistro.jpg => ILuvCafeBistro.jpg
Informal.jpg => Informal.jpg
Junjung Majestic.jpg => JunjungMajestic.jpg
Kapra.png => Kapra.png
Kawas lounge.png => Kawaslounge.png
Kissuru Cafe.jpg => KissuruCafe.jpg
Kitani.jpg => Kitani.jpg
Koicha.jpg => Koicha.jpg
Kopi Dari Hati.jpg => KopiDariHati.jpg
Kopi Lain Hati.jpg => KopiLainHati.jpg
Kopi Soul Manja.jpg => KopiSoulManja.jpg
Kopian.jpg => Kopian.jpg
Kopifix.png => Kopifix.png
KRÈME de la crème.jpg => KRÈMEdelacrème.jpg
Kulo.png => Kulo.png
Kupi Tu Wa Ga.png => KupiTuWaGa.png
Kupipiks.png => Kupipiks.png
Kyo Cafe.jpg => KyoCafe.jpg
Lambak Coffee Haus.png => LambakCoffeeHaus.png
Lane Microbakery & Coffee.png => LaneMicrobakery&Coffee.png
Lettuce Eatery.jpg => LettuceEatery.jpg
LilBite Cafe.png => LilBiteCafe.png
Lulutea.jpg => Lulutea.jpg
Macchiato Cafe.jpg => MacchiatoCafe.jpg
Melati Coffee.jpg => MelatiCoffee.jpg
Meowcha.jpg => Meowcha.jpg
Miko Coffee Lab.jpg => MikoCoffeeLab.jpg
Nabru Cafe.png => NabruCafe.png
Napori.jpg => Napori.jpg
Ngopi dan Santai.png => NgopidanSantai.png
Norma Cafe.jpg => NormaCafe.jpg
Numero Coffee.jpg => NumeroCoffee.jpg
One Sip (Kota Batu).jpg => OneSip(KotaBatu).jpg
OneSip Bn Kota Batu.jpg => OneSipBnKotaBatu.jpg
Outgrounds.jpg => Outgrounds.jpg
Peaks Coffee.jpg => PeaksCoffee.jpg
Poursha.jpg => Poursha.jpg
Pourtia.jpg => Pourtia.jpg
PUC Coffee.jpg => PUCCoffee.jpg
Qahwa.jpg => Qahwa.jpg
Reform Cafe.jpg => ReformCafe.jpg
Rev & Brew.jpg => Rev&Brew.jpg
Ri_s Cafe.jpg => Ri_sCafe.jpg
Roasted Sip.jpg => RoastedSip.jpg
Roastery Cup Cafe.jpg => RoasteryCupCafe.jpg
RPM Cafe.png => RPMCafe.png
Rural Brew.png => RuralBrew.png
Rustique by Absolute.jpg => RustiquebyAbsolute.jpg
Safa Bay Coffee.png => SafaBayCoffee.png
Salted.jpg => Salted.jpg
Sense of Solace.jpg => SenseofSolace.jpg
Seru Coffee.jpg => SeruCoffee.jpg
Sift Patisserie.jpg => SiftPatisserie.jpg
Signature 9.jpg => Signature9.jpg
Signatus.jpg => Signatus.jpg
Six Hands.png => SixHands.png
Somewhere Coffee.jpg => SomewhereCoffee.jpg
Soul Coffee.png => SoulCoffee.png
STAC Patisserie.jpg => STACPatisserie.jpg
Stream Corner Cafe.jpg => StreamCornerCafe.jpg
Suave Cafe.jpg => SuaveCafe.jpg
Suka Coffee.jpg => SukaCoffee.jpg
Sweet Spot.jpg => SweetSpot.jpg
Tampd Coffee.jpg => TampdCoffee.jpg
Teaspoon.jpg => Teaspoon.jpg
The Coffenity Yard.jpg => TheCoffenityYard.jpg
The Drip Cafe.png => TheDripCafe.png
The Seventh Cup.jpg => TheSeventhCup.jpg
The Slice by IA.jpg => TheSlicebyIA.jpg
Thinking Cup Cafe.png => ThinkingCupCafe.png
Three Light Coffee.jpg => ThreeLightCoffee.jpg
Top Grind Cafe Yayasan.jpg => TopGrindCafeYayasan.jpg
Tranquility Cafe.jpg => TranquilityCafe.jpg
Two Brothers Cafe.jpg => TwoBrothersCafe.jpg
Two Cousins Cafe.jpg => TwoCousinsCafe.jpg
Utara Coast.jpg => UtaraCoast.jpg
YCK Coffee.jpg => YCKCoffee.jpg
Yogi.png => Yogi.png
Zara Brew.jpg => ZaraBrew.jpg
Zonelet By Capy Coffee.jpg => ZoneletByCapyCoffee.jpg
ZUS Cafe.jpg => ZUSCafe.jpg